employee_id,role,store_id,total_hours,total_labor_cost_mxn,regular_hours,overtime_hours
E00001,Floor,S001,56,4480.0,48,8
E00002,Customer Service,S001,56,5440.0,48,8
E00003,Cashier,S001,56,4800.0,48,8
E00004,Floor,S001,56,4480.0,48,8
E00005,Stock,S001,56,4160.0,48,8
E00006,Cashier,S001,56,4800.0,48,8
E00007,Cashier,S001,56,4800.0,48,8
E00008,Stock,S001,56,4160.0,48,8
E00009,Stock,S001,56,4160.0,48,8
E00010,Stock,S001,56,4160.0,48,8
E00011,Cashier,S001,56,4800.0,48,8
E00012,Stock,S001,40,2600.0,40,0
E00013,Floor,S001,56,4480.0,48,8
E00014,Supervisor,S001,56,7680.0,48,8
E00015,Cashier,S001,56,4800.0,48,8
E00016,Cashier,S001,56,4800.0,48,8
E00017,Cashier,S001,56,4800.0,48,8
E00018,Cashier,S001,56,4800.0,48,8
E00019,Stock,S001,16,1040.0,16,0
E00020,Stock,S001,8,520.0,8,0
E00021,Stock,S001,8,520.0,8,0
E00022,Floor,S001,56,4480.0,48,8
E00024,Cashier,S001,56,4800.0,48,8
E00027,Floor,S001,56,4480.0,48,8
E00030,Cashier,S001,48,3600.0,48,0
E00031,Floor,S001,56,4480.0,48,8
E00032,Floor,S001,56,4480.0,48,8
E00033,Cashier,S001,40,3000.0,40,0
E00034,Floor,S001,40,2800.0,40,0
E00035,Cashier,S001,32,2400.0,32,0
E00037,Floor,S001,24,1680.0,24,0
E00038,Customer Service,S001,56,5440.0,48,8
E00039,Cashier,S001,16,1200.0,16,0
E00040,Cashier,S001,8,600.0,8,0
E00041,Cashier,S001,8,600.0,8,0
E00042,Supervisor,S001,56,7680.0,48,8
E00043,Floor,S001,16,1120.0,16,0
E00044,Customer Service,S001,56,5440.0,48,8
E00045,Cashier,S001,8,600.0,8,0
E00046,Floor,S001,8,560.0,8,0
E00049,Supervisor,S001,48,5760.0,48,0
E00050,Floor,S001,8,560.0,8,0
E00052,Supervisor,S001,24,2880.0,24,0
E00059,Customer Service,S001,56,5440.0,48,8
E00078,Customer Service,S001,56,5440.0,48,8
E00080,Customer Service,S001,40,3400.0,40,0
E00081,Cashier,S002,56,4800.0,48,8
E00082,Stock,S002,56,4160.0,48,8
E00083,Stock,S002,56,4160.0,48,8
E00084,Floor,S002,56,4480.0,48,8
E00085,Floor,S002,56,4480.0,48,8
E00086,Stock,S002,8,520.0,8,0
E00087,Supervisor,S002,56,7680.0,48,8
E00088,Stock,S002,8,520.0,8,0
E00089,Cashier,S002,56,4800.0,48,8
E00091,Floor,S002,56,4480.0,48,8
E00092,Cashier,S002,56,4800.0,48,8
E00093,Floor,S002,56,4480.0,48,8
E00095,Customer Service,S002,56,5440.0,48,8
E00097,Customer Service,S002,56,5440.0,48,8
E00098,Cashier,S002,56,4800.0,48,8
E00099,Cashier,S002,32,2400.0,32,0
E00100,Floor,S002,8,560.0,8,0
E00101,Cashier,S002,16,1200.0,16,0
E00102,Floor,S002,8,560.0,8,0
E00103,Cashier,S002,8,600.0,8,0
E00104,Customer Service,S002,40,3400.0,40,0
E00108,Supervisor,S002,56,7680.0,48,8
E00110,Customer Service,S002,16,1360.0,16,0
E00161,Cashier,S003,56,4800.0,48,8
E00162,Cashier,S003,56,4800.0,48,8
E00163,Cashier,S003,56,4800.0,48,8
E00164,Floor,S003,56,4480.0,48,8
E00165,Floor,S003,56,4480.0,48,8
E00166,Cashier,S003,56,4800.0,48,8
E00167,Stock,S003,56,4160.0,48,8
E00168,Cashier,S003,56,4800.0,48,8
E00169,Stock,S003,56,4160.0,48,8
E00170,Cashier,S003,56,4800.0,48,8
E00171,Floor,S003,56,4480.0,48,8
E00172,Supervisor,S003,56,7680.0,48,8
E00173,Stock,S003,56,4160.0,48,8
E00174,Floor,S003,56,4480.0,48,8
E00175,Floor,S003,56,4480.0,48,8
E00176,Stock,S003,40,2600.0,40,0
E00177,Customer Service,S003,56,5440.0,48,8
E00178,Cashier,S003,48,3600.0,48,0
E00179,Floor,S003,48,3360.0,48,0
E00180,Stock,S003,8,520.0,8,0
E00181,Floor,S003,32,2240.0,32,0
E00182,Customer Service,S003,56,5440.0,48,8
E00183,Cashier,S003,40,3000.0,40,0
E00185,Supervisor,S003,56,7680.0,48,8
E00186,Cashier,S003,24,1800.0,24,0
E00188,Supervisor,S003,8,960.0,8,0
E00189,Floor,S003,16,1120.0,16,0
E00190,Floor,S003,8,560.0,8,0
E00194,Cashier,S003,16,1200.0,16,0
E00196,Cashier,S003,8,600.0,8,0
E00198,Cashier,S003,8,600.0,8,0
E00207,Supervisor,S003,8,960.0,8,0
E00209,Cashier,S003,8,600.0,8,0
E00210,Customer Service,S003,56,5440.0,48,8
E00226,Customer Service,S003,56,5440.0,48,8
E00234,Customer Service,S003,40,3400.0,40,0
E00240,Customer Service,S003,16,1360.0,16,0
E00241,Floor,S004,56,4480.0,48,8
E00242,Cashier,S004,56,4800.0,48,8
E00243,Cashier,S004,56,4800.0,48,8
E00244,Cashier,S004,56,4800.0,48,8
E00245,Cashier,S004,56,4800.0,48,8
E00246,Customer Service,S004,56,5440.0,48,8
E00247,Supervisor,S004,56,7680.0,48,8
E00248,Supervisor,S004,56,7680.0,48,8
E00249,Stock,S004,56,4160.0,48,8
E00251,Cashier,S004,48,3600.0,48,0
E00252,Floor,S004,56,4480.0,48,8
E00253,Floor,S004,56,4480.0,48,8
E00254,Cashier,S004,16,1200.0,16,0
E00255,Floor,S004,56,4480.0,48,8
E00256,Floor,S004,8,560.0,8,0
E00257,Floor,S004,8,560.0,8,0
E00258,Customer Service,S004,56,5440.0,48,8
E00261,Cashier,S004,8,600.0,8,0
E00263,Stock,S004,56,4160.0,48,8
E00267,Stock,S004,8,520.0,8,0
E00282,Customer Service,S004,48,4080.0,48,0
E00286,Customer Service,S004,16,1360.0,16,0
E00290,Stock,S004,8,520.0,8,0
E00321,Floor,S005,56,4480.0,48,8
E00322,Cashier,S005,56,4800.0,48,8
E00323,Cashier,S005,56,4800.0,48,8
E00324,Cashier,S005,56,4800.0,48,8
E00325,Cashier,S005,56,4800.0,48,8
E00326,Stock,S005,56,4160.0,48,8
E00327,Cashier,S005,40,3000.0,40,0
E00328,Supervisor,S005,56,7680.0,48,8
E00329,Floor,S005,56,4480.0,48,8
E00330,Cashier,S005,16,1200.0,16,0
E00331,Stock,S005,56,4160.0,48,8
E00332,Floor,S005,56,4480.0,48,8
E00333,Supervisor,S005,56,7680.0,48,8
E00335,Customer Service,S005,56,5440.0,48,8
E00336,Stock,S005,8,520.0,8,0
E00337,Stock,S005,8,520.0,8,0
E00338,Cashier,S005,8,600.0,8,0
E00339,Cashier,S005,8,600.0,8,0
E00341,Floor,S005,56,4480.0,48,8
E00342,Floor,S005,8,560.0,8,0
E00343,Floor,S005,8,560.0,8,0
E00345,Customer Service,S005,56,5440.0,48,8
E00353,Customer Service,S005,40,3400.0,40,0
E00356,Customer Service,S005,16,1360.0,16,0
E00401,Stock,S006,56,4160.0,48,8
E00402,Supervisor,S006,56,7680.0,48,8
E00403,Customer Service,S006,56,5440.0,48,8
E00404,Floor,S006,56,4480.0,48,8
E00405,Stock,S006,56,4160.0,48,8
E00406,Stock,S006,8,520.0,8,0
E00407,Stock,S006,8,520.0,8,0
E00408,Cashier,S006,56,4800.0,48,8
E00409,Floor,S006,56,4480.0,48,8
E00411,Customer Service,S006,56,5440.0,48,8
E00414,Cashier,S006,56,4800.0,48,8
E00415,Floor,S006,56,4480.0,48,8
E00416,Customer Service,S006,40,3400.0,40,0
E00417,Cashier,S006,56,4800.0,48,8
E00418,Cashier,S006,56,4800.0,48,8
E00419,Floor,S006,56,4480.0,48,8
E00421,Floor,S006,8,560.0,8,0
E00422,Cashier,S006,40,3000.0,40,0
E00423,Floor,S006,8,560.0,8,0
E00425,Supervisor,S006,56,7680.0,48,8
E00427,Cashier,S006,16,1200.0,16,0
E00437,Customer Service,S006,16,1360.0,16,0
E00481,Stock,S007,56,4160.0,48,8
E00482,Floor,S007,56,4480.0,48,8
E00483,Cashier,S007,56,4800.0,48,8
E00484,Cashier,S007,56,4800.0,48,8
E00485,Customer Service,S007,56,5440.0,48,8
E00486,Floor,S007,56,4480.0,48,8
E00487,Supervisor,S007,56,7680.0,48,8
E00488,Cashier,S007,56,4800.0,48,8
E00489,Cashier,S007,56,4800.0,48,8
E00490,Cashier,S007,56,4800.0,48,8
E00491,Stock,S007,56,4160.0,48,8
E00492,Floor,S007,56,4480.0,48,8
E00493,Floor,S007,56,4480.0,48,8
E00494,Stock,S007,56,4160.0,48,8
E00495,Cashier,S007,56,4800.0,48,8
E00496,Stock,S007,56,4160.0,48,8
E00497,Cashier,S007,56,4800.0,48,8
E00498,Floor,S007,56,4480.0,48,8
E00499,Floor,S007,56,4480.0,48,8
E00500,Stock,S007,48,3120.0,48,0
E00501,Floor,S007,56,4480.0,48,8
E00502,Floor,S007,40,2800.0,40,0
E00503,Supervisor,S007,56,7680.0,48,8
E00504,Stock,S007,24,1560.0,24,0
E00505,Customer Service,S007,56,5440.0,48,8
E00506,Floor,S007,24,1680.0,24,0
E00507,Cashier,S007,56,4800.0,48,8
E00508,Cashier,S007,56,4800.0,48,8
E00509,Supervisor,S007,48,5760.0,48,0
E00510,Floor,S007,16,1120.0,16,0
E00511,Stock,S007,8,520.0,8,0
E00512,Cashier,S007,48,3600.0,48,0
E00513,Floor,S007,8,560.0,8,0
E00514,Floor,S007,8,560.0,8,0
E00515,Customer Service,S007,56,5440.0,48,8
E00516,Cashier,S007,32,2400.0,32,0
E00517,Floor,S007,8,560.0,8,0
E00519,Cashier,S007,24,1800.0,24,0
E00522,Customer Service,S007,56,5440.0,48,8
E00524,Cashier,S007,24,1800.0,24,0
E00525,Cashier,S007,8,600.0,8,0
E00526,Cashier,S007,8,600.0,8,0
E00527,Cashier,S007,8,600.0,8,0
E00528,Customer Service,S007,56,5440.0,48,8
E00531,Supervisor,S007,24,2880.0,24,0
E00534,Stock,S007,8,520.0,8,0
E00535,Cashier,S007,8,600.0,8,0
E00554,Customer Service,S007,40,3400.0,40,0
E00561,Floor,S008,56,4480.0,48,8
E00562,Stock,S008,56,4160.0,48,8
E00563,Stock,S008,56,4160.0,48,8
E00564,Stock,S008,56,4160.0,48,8
E00565,Cashier,S008,56,4800.0,48,8
E00566,Supervisor,S008,56,7680.0,48,8
E00567,Stock,S008,40,2600.0,40,0
E00568,Customer Service,S008,56,5440.0,48,8
E00569,Customer Service,S008,56,5440.0,48,8
E00570,Floor,S008,56,4480.0,48,8
E00571,Floor,S008,56,4480.0,48,8
E00572,Supervisor,S008,56,7680.0,48,8
E00573,Stock,S008,8,520.0,8,0
E00574,Stock,S008,8,520.0,8,0
E00575,Customer Service,S008,56,5440.0,48,8
E00576,Floor,S008,56,4480.0,48,8
E00577,Floor,S008,56,4480.0,48,8
E00578,Floor,S008,48,3360.0,48,0
E00580,Supervisor,S008,8,960.0,8,0
E00581,Cashier,S008,56,4800.0,48,8
E00582,Supervisor,S008,8,960.0,8,0
E00583,Floor,S008,24,1680.0,24,0
E00586,Customer Service,S008,56,5440.0,48,8
E00587,Floor,S008,16,1120.0,16,0
E00588,Cashier,S008,56,4800.0,48,8
E00590,Floor,S008,8,560.0,8,0
E00591,Cashier,S008,56,4800.0,48,8
E00592,Cashier,S008,56,4800.0,48,8
E00593,Floor,S008,8,560.0,8,0
E00596,Customer Service,S008,40,3400.0,40,0
E00600,Cashier,S008,56,4800.0,48,8
E00601,Cashier,S008,56,4800.0,48,8
E00602,Cashier,S008,40,3000.0,40,0
E00603,Cashier,S008,24,1800.0,24,0
E00604,Cashier,S008,8,600.0,8,0
E00606,Customer Service,S008,8,680.0,8,0
E00608,Cashier,S008,8,600.0,8,0
E00610,Cashier,S008,8,600.0,8,0
E00622,Customer Service,S008,8,680.0,8,0
E00641,Cashier,S009,56,4800.0,48,8
E00642,Supervisor,S009,56,7680.0,48,8
E00643,Floor,S009,56,4480.0,48,8
E00644,Stock,S009,56,4160.0,48,8
E00645,Stock,S009,56,4160.0,48,8
E00646,Customer Service,S009,56,5440.0,48,8
E00647,Cashier,S009,56,4800.0,48,8
E00648,Floor,S009,56,4480.0,48,8
E00649,Floor,S009,56,4480.0,48,8
E00650,Floor,S009,56,4480.0,48,8
E00651,Customer Service,S009,56,5440.0,48,8
E00652,Floor,S009,56,4480.0,48,8
E00653,Cashier,S009,56,4800.0,48,8
E00654,Customer Service,S009,56,5440.0,48,8
E00655,Floor,S009,48,3360.0,48,0
E00656,Stock,S009,56,4160.0,48,8
E00657,Floor,S009,32,2240.0,32,0
E00658,Floor,S009,16,1120.0,16,0
E00659,Floor,S009,8,560.0,8,0
E00660,Stock,S009,40,2600.0,40,0
E00661,Cashier,S009,56,4800.0,48,8
E00662,Stock,S009,8,520.0,8,0
E00663,Floor,S009,8,560.0,8,0
E00664,Supervisor,S009,56,7680.0,48,8
E00665,Stock,S009,8,520.0,8,0
E00666,Customer Service,S009,56,5440.0,48,8
E00667,Cashier,S009,56,4800.0,48,8
E00668,Supervisor,S009,8,960.0,8,0
E00669,Customer Service,S009,40,3400.0,40,0
E00672,Cashier,S009,56,4800.0,48,8
E00678,Supervisor,S009,8,960.0,8,0
E00680,Cashier,S009,48,3600.0,48,0
E00681,Customer Service,S009,8,680.0,8,0
E00685,Cashier,S009,40,3000.0,40,0
E00686,Cashier,S009,24,1800.0,24,0
E00688,Cashier,S009,8,600.0,8,0
E00689,Cashier,S009,8,600.0,8,0
E00692,Cashier,S009,8,600.0,8,0
E00695,Cashier,S009,8,600.0,8,0
E00713,Customer Service,S009,8,680.0,8,0
E00721,Customer Service,S010,56,5440.0,48,8
E00722,Cashier,S010,56,4800.0,48,8
E00723,Cashier,S010,56,4800.0,48,8
E00724,Stock,S010,56,4160.0,48,8
E00725,Cashier,S010,56,4800.0,48,8
E00726,Cashier,S010,56,4800.0,48,8
E00727,Floor,S010,56,4480.0,48,8
E00728,Stock,S010,56,4160.0,48,8
E00729,Floor,S010,56,4480.0,48,8
E00730,Stock,S010,56,4160.0,48,8
E00731,Customer Service,S010,56,5440.0,48,8
E00732,Stock,S010,56,4160.0,48,8
E00733,Stock,S010,48,3120.0,48,0
E00734,Stock,S010,16,1040.0,16,0
E00735,Customer Service,S010,56,5440.0,48,8
E00736,Customer Service,S010,56,5440.0,48,8
E00737,Cashier,S010,56,4800.0,48,8
E00738,Cashier,S010,56,4800.0,48,8
E00739,Cashier,S010,56,4800.0,48,8
E00740,Floor,S010,56,4480.0,48,8
E00741,Cashier,S010,56,4800.0,48,8
E00742,Floor,S010,56,4480.0,48,8
E00743,Supervisor,S010,56,7680.0,48,8
E00744,Customer Service,S010,56,5440.0,48,8
E00745,Stock,S010,8,520.0,8,0
E00746,Cashier,S010,56,4800.0,48,8
E00747,Floor,S010,56,4480.0,48,8
E00748,Cashier,S010,48,3600.0,48,0
E00749,Supervisor,S010,56,7680.0,48,8
E00750,Floor,S010,56,4480.0,48,8
E00751,Floor,S010,48,3360.0,48,0
E00752,Stock,S010,8,520.0,8,0
E00754,Cashier,S010,24,1800.0,24,0
E00755,Cashier,S010,24,1800.0,24,0
E00757,Cashier,S010,24,1800.0,24,0
E00758,Cashier,S010,8,600.0,8,0
E00760,Cashier,S010,8,600.0,8,0
E00761,Cashier,S010,8,600.0,8,0
E00762,Floor,S010,40,2800.0,40,0
E00763,Cashier,S010,8,600.0,8,0
E00765,Supervisor,S010,48,5760.0,48,0
E00768,Supervisor,S010,24,2880.0,24,0
E00770,Floor,S010,24,1680.0,24,0
E00771,Floor,S010,16,1120.0,16,0
E00774,Floor,S010,8,560.0,8,0
E00776,Floor,S010,8,560.0,8,0
E00777,Customer Service,S010,32,2720.0,32,0
E00781,Floor,S010,8,560.0,8,0
E00801,Cashier,S011,56,4800.0,48,8
E00802,Supervisor,S011,56,7680.0,48,8
E00803,Floor,S011,56,4480.0,48,8
E00804,Stock,S011,56,4160.0,48,8
E00805,Floor,S011,56,4480.0,48,8
E00806,Cashier,S011,56,4800.0,48,8
E00807,Stock,S011,56,4160.0,48,8
E00808,Floor,S011,56,4480.0,48,8
E00809,Cashier,S011,56,4800.0,48,8
E00810,Cashier,S011,56,4800.0,48,8
E00811,Stock,S011,56,4160.0,48,8
E00812,Cashier,S011,56,4800.0,48,8
E00813,Floor,S011,56,4480.0,48,8
E00814,Supervisor,S011,56,7680.0,48,8
E00815,Customer Service,S011,56,5440.0,48,8
E00816,Floor,S011,56,4480.0,48,8
E00817,Stock,S011,56,4160.0,48,8
E00818,Cashier,S011,56,4800.0,48,8
E00819,Floor,S011,56,4480.0,48,8
E00820,Floor,S011,56,4480.0,48,8
E00821,Floor,S011,40,2800.0,40,0
E00822,Floor,S011,32,2240.0,32,0
E00823,Floor,S011,16,1120.0,16,0
E00824,Cashier,S011,56,4800.0,48,8
E00825,Cashier,S011,56,4800.0,48,8
E00826,Cashier,S011,56,4800.0,48,8
E00827,Cashier,S011,56,4800.0,48,8
E00828,Floor,S011,8,560.0,8,0
E00829,Floor,S011,8,560.0,8,0
E00830,Stock,S011,48,3120.0,48,0
E00831,Floor,S011,8,560.0,8,0
E00832,Cashier,S011,32,2400.0,32,0
E00833,Customer Service,S011,56,5440.0,48,8
E00834,Cashier,S011,16,1200.0,16,0
E00835,Cashier,S011,8,600.0,8,0
E00836,Customer Service,S011,56,5440.0,48,8
E00839,Cashier,S011,8,600.0,8,0
E00840,Cashier,S011,8,600.0,8,0
E00841,Cashier,S011,8,600.0,8,0
E00842,Supervisor,S011,48,5760.0,48,0
E00843,Cashier,S011,8,600.0,8,0
E00844,Customer Service,S011,56,5440.0,48,8
E00848,Stock,S011,16,1040.0,16,0
E00849,Customer Service,S011,56,5440.0,48,8
E00850,Customer Service,S011,32,2720.0,32,0
E00851,Stock,S011,8,520.0,8,0
E00853,Stock,S011,8,520.0,8,0
E00860,Customer Service,S011,24,2040.0,24,0
E00871,Customer Service,S011,8,680.0,8,0
E00875,Customer Service,S011,8,680.0,8,0
E00880,Supervisor,S011,24,2880.0,24,0
E00881,Floor,S012,56,4480.0,48,8
E00882,Floor,S012,56,4480.0,48,8
E00883,Floor,S012,56,4480.0,48,8
E00884,Stock,S012,56,4160.0,48,8
E00885,Floor,S012,56,4480.0,48,8
E00886,Stock,S012,56,4160.0,48,8
E00887,Floor,S012,56,4480.0,48,8
E00888,Stock,S012,56,4160.0,48,8
E00889,Cashier,S012,56,4800.0,48,8
E00890,Stock,S012,56,4160.0,48,8
E00891,Cashier,S012,56,4800.0,48,8
E00892,Cashier,S012,56,4800.0,48,8
E00893,Supervisor,S012,56,7680.0,48,8
E00894,Stock,S012,40,2600.0,40,0
E00895,Stock,S012,24,1560.0,24,0
E00896,Floor,S012,56,4480.0,48,8
E00897,Floor,S012,56,4480.0,48,8
E00898,Cashier,S012,56,4800.0,48,8
E00899,Supervisor,S012,56,7680.0,48,8
E00900,Supervisor,S012,48,5760.0,48,0
E00901,Floor,S012,40,2800.0,40,0
E00902,Stock,S012,8,520.0,8,0
E00903,Customer Service,S012,56,5440.0,48,8
E00904,Cashier,S012,56,4800.0,48,8
E00905,Supervisor,S012,24,2880.0,24,0
E00906,Floor,S012,24,1680.0,24,0
E00907,Cashier,S012,56,4800.0,48,8
E00908,Stock,S012,8,520.0,8,0
E00909,Floor,S012,24,1680.0,24,0
E00910,Customer Service,S012,56,5440.0,48,8
E00911,Cashier,S012,56,4800.0,48,8
E00912,Floor,S012,8,560.0,8,0
E00913,Floor,S012,8,560.0,8,0
E00914,Floor,S012,8,560.0,8,0
E00915,Cashier,S012,56,4800.0,48,8
E00917,Cashier,S012,56,4800.0,48,8
E00918,Customer Service,S012,56,5440.0,48,8
E00920,Customer Service,S012,56,5440.0,48,8
E00926,Cashier,S012,40,3000.0,40,0
E00927,Cashier,S012,32,2400.0,32,0
E00928,Cashier,S012,24,1800.0,24,0
E00929,Cashier,S012,24,1800.0,24,0
E00933,Cashier,S012,16,1200.0,16,0
E00937,Cashier,S012,8,600.0,8,0
E00941,Cashier,S012,8,600.0,8,0
E00943,Cashier,S012,8,600.0,8,0
E00952,Customer Service,S012,56,5440.0,48,8
E00961,Cashier,S013,56,4800.0,48,8
E00962,Cashier,S013,56,4800.0,48,8
E00963,Stock,S013,56,4160.0,48,8
E00964,Cashier,S013,56,4800.0,48,8
E00965,Floor,S013,56,4480.0,48,8
E00966,Cashier,S013,56,4800.0,48,8
E00967,Floor,S013,56,4480.0,48,8
E00968,Floor,S013,56,4480.0,48,8
E00969,Stock,S013,56,4160.0,48,8
E00970,Customer Service,S013,56,5440.0,48,8
E00971,Supervisor,S013,56,7680.0,48,8
E00972,Supervisor,S013,56,7680.0,48,8
E00973,Floor,S013,56,4480.0,48,8
E00974,Floor,S013,56,4480.0,48,8
E00975,Cashier,S013,56,4800.0,48,8
E00976,Stock,S013,56,4160.0,48,8
E00977,Supervisor,S013,48,5760.0,48,0
E00978,Stock,S013,56,4160.0,48,8
E00979,Cashier,S013,56,4800.0,48,8
E00980,Floor,S013,56,4480.0,48,8
E00981,Floor,S013,56,4480.0,48,8
E00982,Floor,S013,40,2800.0,40,0
E00983,Cashier,S013,56,4800.0,48,8
E00984,Cashier,S013,56,4800.0,48,8
E00985,Floor,S013,24,1680.0,24,0
E00986,Cashier,S013,56,4800.0,48,8
E00987,Cashier,S013,40,3000.0,40,0
E00988,Floor,S013,16,1120.0,16,0
E00989,Floor,S013,8,560.0,8,0
E00990,Floor,S013,8,560.0,8,0
E00991,Cashier,S013,40,3000.0,40,0
E00992,Supervisor,S013,24,2880.0,24,0
E00993,Floor,S013,8,560.0,8,0
E00994,Stock,S013,40,2600.0,40,0
E00995,Cashier,S013,24,1800.0,24,0
E00996,Stock,S013,16,1040.0,16,0
E00997,Stock,S013,8,520.0,8,0
E00998,Customer Service,S013,56,5440.0,48,8
E00999,Stock,S013,8,520.0,8,0
E01001,Cashier,S013,16,1200.0,16,0
E01005,Cashier,S013,8,600.0,8,0
E01022,Cashier,S013,8,600.0,8,0
E01023,Customer Service,S013,56,5440.0,48,8
E01024,Cashier,S013,8,600.0,8,0
E01026,Customer Service,S013,56,5440.0,48,8
E01032,Customer Service,S013,56,5440.0,48,8
E01033,Cashier,S013,8,600.0,8,0
E01041,Floor,S014,56,4480.0,48,8
E01042,Cashier,S014,56,4800.0,48,8
E01043,Stock,S014,56,4160.0,48,8
E01044,Cashier,S014,56,4800.0,48,8
E01045,Floor,S014,56,4480.0,48,8
E01046,Cashier,S014,56,4800.0,48,8
E01047,Floor,S014,56,4480.0,48,8
E01048,Supervisor,S014,56,7680.0,48,8
E01049,Cashier,S014,56,4800.0,48,8
E01050,Floor,S014,56,4480.0,48,8
E01051,Customer Service,S014,56,5440.0,48,8
E01052,Cashier,S014,56,4800.0,48,8
E01053,Customer Service,S014,56,5440.0,48,8
E01054,Stock,S014,56,4160.0,48,8
E01055,Supervisor,S014,56,7680.0,48,8
E01056,Floor,S014,56,4480.0,48,8
E01057,Floor,S014,56,4480.0,48,8
E01058,Cashier,S014,56,4800.0,48,8
E01059,Cashier,S014,56,4800.0,48,8
E01060,Cashier,S014,56,4800.0,48,8
E01061,Stock,S014,56,4160.0,48,8
E01062,Floor,S014,56,4480.0,48,8
E01063,Stock,S014,56,4160.0,48,8
E01064,Cashier,S014,56,4800.0,48,8
E01065,Supervisor,S014,48,5760.0,48,0
E01066,Cashier,S014,40,3000.0,40,0
E01067,Floor,S014,32,2240.0,32,0
E01068,Customer Service,S014,56,5440.0,48,8
E01069,Stock,S014,40,2600.0,40,0
E01070,Cashier,S014,24,1800.0,24,0
E01071,Cashier,S014,24,1800.0,24,0
E01072,Supervisor,S014,24,2880.0,24,0
E01073,Floor,S014,24,1680.0,24,0
E01074,Stock,S014,16,1040.0,16,0
E01075,Cashier,S014,24,1800.0,24,0
E01077,Stock,S014,8,520.0,8,0
E01078,Cashier,S014,16,1200.0,16,0
E01079,Stock,S014,8,520.0,8,0
E01080,Cashier,S014,8,600.0,8,0
E01081,Cashier,S014,8,600.0,8,0
E01082,Floor,S014,16,1120.0,16,0
E01083,Floor,S014,8,560.0,8,0
E01084,Floor,S014,8,560.0,8,0
E01085,Floor,S014,8,560.0,8,0
E01088,Customer Service,S014,56,5440.0,48,8
E01090,Customer Service,S014,56,5440.0,48,8
E01101,Customer Service,S014,40,3400.0,40,0
E01114,Customer Service,S014,24,2040.0,24,0
E01121,Floor,S015,56,4480.0,48,8
E01122,Stock,S015,56,4160.0,48,8
E01123,Floor,S015,56,4480.0,48,8
E01124,Floor,S015,56,4480.0,48,8
E01125,Floor,S015,56,4480.0,48,8
E01126,Stock,S015,56,4160.0,48,8
E01127,Floor,S015,56,4480.0,48,8
E01128,Stock,S015,56,4160.0,48,8
E01129,Floor,S015,56,4480.0,48,8
E01130,Cashier,S015,56,4800.0,48,8
E01131,Cashier,S015,56,4800.0,48,8
E01132,Cashier,S015,56,4800.0,48,8
E01133,Floor,S015,56,4480.0,48,8
E01134,Cashier,S015,56,4800.0,48,8
E01135,Customer Service,S015,56,5440.0,48,8
E01136,Floor,S015,40,2800.0,40,0
E01137,Cashier,S015,56,4800.0,48,8
E01138,Floor,S015,24,1680.0,24,0
E01139,Supervisor,S015,56,7680.0,48,8
E01140,Supervisor,S015,56,7680.0,48,8
E01141,Stock,S015,56,4160.0,48,8
E01142,Cashier,S015,56,4800.0,48,8
E01143,Stock,S015,40,2600.0,40,0
E01144,Stock,S015,16,1040.0,16,0
E01145,Cashier,S015,56,4800.0,48,8
E01146,Cashier,S015,56,4800.0,48,8
E01147,Floor,S015,16,1120.0,16,0
E01148,Stock,S015,8,520.0,8,0
E01149,Floor,S015,8,560.0,8,0
E01150,Customer Service,S015,56,5440.0,48,8
E01151,Supervisor,S015,48,5760.0,48,0
E01152,Stock,S015,8,520.0,8,0
E01153,Customer Service,S015,56,5440.0,48,8
E01154,Cashier,S015,56,4800.0,48,8
E01155,Floor,S015,8,560.0,8,0
E01156,Customer Service,S015,56,5440.0,48,8
E01158,Cashier,S015,40,3000.0,40,0
E01160,Cashier,S015,24,1800.0,24,0
E01161,Cashier,S015,24,1800.0,24,0
E01162,Customer Service,S015,56,5440.0,48,8
E01163,Supervisor,S015,16,1920.0,16,0
E01165,Customer Service,S015,32,2720.0,32,0
E01166,Cashier,S015,16,1200.0,16,0
E01168,Floor,S015,8,560.0,8,0
E01169,Cashier,S015,8,600.0,8,0
E01172,Customer Service,S015,24,2040.0,24,0
E01173,Cashier,S015,8,600.0,8,0
E01174,Cashier,S015,8,600.0,8,0
E01180,Cashier,S015,8,600.0,8,0
E01185,Customer Service,S015,16,1360.0,16,0
E01186,Customer Service,S015,8,680.0,8,0
E01201,Customer Service,S016,56,5440.0,48,8
E01202,Stock,S016,56,4160.0,48,8
E01203,Floor,S016,56,4480.0,48,8
E01204,Stock,S016,56,4160.0,48,8
E01205,Cashier,S016,56,4800.0,48,8
E01206,Floor,S016,56,4480.0,48,8
E01207,Cashier,S016,56,4800.0,48,8
E01208,Cashier,S016,56,4800.0,48,8
E01209,Floor,S016,56,4480.0,48,8
E01210,Customer Service,S016,56,5440.0,48,8
E01211,Cashier,S016,56,4800.0,48,8
E01212,Supervisor,S016,56,7680.0,48,8
E01213,Supervisor,S016,56,7680.0,48,8
E01214,Cashier,S016,56,4800.0,48,8
E01215,Floor,S016,56,4480.0,48,8
E01216,Supervisor,S016,8,960.0,8,0
E01217,Stock,S016,56,4160.0,48,8
E01218,Floor,S016,56,4480.0,48,8
E01219,Cashier,S016,56,4800.0,48,8
E01220,Cashier,S016,48,3600.0,48,0
E01221,Supervisor,S016,8,960.0,8,0
E01222,Cashier,S016,32,2400.0,32,0
E01223,Cashier,S016,24,1800.0,24,0
E01224,Stock,S016,32,2080.0,32,0
E01225,Customer Service,S016,56,5440.0,48,8
E01226,Customer Service,S016,56,5440.0,48,8
E01227,Stock,S016,8,520.0,8,0
E01231,Floor,S016,48,3360.0,48,0
E01232,Cashier,S016,16,1200.0,16,0
E01233,Cashier,S016,8,600.0,8,0
E01234,Floor,S016,24,1680.0,24,0
E01235,Cashier,S016,8,600.0,8,0
E01237,Customer Service,S016,32,2720.0,32,0
E01238,Floor,S016,16,1120.0,16,0
E01241,Cashier,S016,8,600.0,8,0
E01246,Floor,S016,8,560.0,8,0
E01277,Customer Service,S016,16,1360.0,16,0
E01281,Supervisor,S017,56,7680.0,48,8
E01282,Floor,S017,56,4480.0,48,8
E01283,Floor,S017,56,4480.0,48,8
E01284,Stock,S017,56,4160.0,48,8
E01285,Cashier,S017,56,4800.0,48,8
E01286,Cashier,S017,56,4800.0,48,8
E01287,Cashier,S017,56,4800.0,48,8
E01288,Floor,S017,56,4480.0,48,8
E01289,Floor,S017,56,4480.0,48,8
E01290,Stock,S017,56,4160.0,48,8
E01291,Supervisor,S017,56,7680.0,48,8
E01292,Floor,S017,8,560.0,8,0
E01293,Stock,S017,8,520.0,8,0
E01294,Stock,S017,8,520.0,8,0
E01295,Floor,S017,8,560.0,8,0
E01298,Customer Service,S017,56,5440.0,48,8
E01300,Customer Service,S017,56,5440.0,48,8
E01303,Customer Service,S017,40,3400.0,40,0
E01304,Cashier,S017,56,4800.0,48,8
E01309,Cashier,S017,40,3000.0,40,0
E01315,Cashier,S017,24,1800.0,24,0
E01318,Cashier,S017,8,600.0,8,0
E01319,Customer Service,S017,24,2040.0,24,0
E01361,Supervisor,S018,56,7680.0,48,8
E01362,Floor,S018,56,4480.0,48,8
E01363,Floor,S018,56,4480.0,48,8
E01364,Stock,S018,56,4160.0,48,8
E01365,Floor,S018,56,4480.0,48,8
E01366,Floor,S018,56,4480.0,48,8
E01367,Stock,S018,56,4160.0,48,8
E01368,Floor,S018,56,4480.0,48,8
E01369,Stock,S018,56,4160.0,48,8
E01370,Cashier,S018,56,4800.0,48,8
E01371,Customer Service,S018,56,5440.0,48,8
E01372,Cashier,S018,56,4800.0,48,8
E01373,Stock,S018,56,4160.0,48,8
E01374,Customer Service,S018,56,5440.0,48,8
E01375,Stock,S018,40,2600.0,40,0
E01376,Stock,S018,16,1040.0,16,0
E01377,Stock,S018,8,520.0,8,0
E01378,Cashier,S018,56,4800.0,48,8
E01379,Stock,S018,8,520.0,8,0
E01382,Supervisor,S018,56,7680.0,48,8
E01383,Cashier,S018,56,4800.0,48,8
E01384,Floor,S018,56,4480.0,48,8
E01387,Supervisor,S018,40,4800.0,40,0
E01388,Floor,S018,56,4480.0,48,8
E01389,Supervisor,S018,24,2880.0,24,0
E01390,Floor,S018,40,2800.0,40,0
E01392,Customer Service,S018,56,5440.0,48,8
E01393,Floor,S018,24,1680.0,24,0
E01394,Cashier,S018,56,4800.0,48,8
E01395,Floor,S018,16,1120.0,16,0
E01396,Floor,S018,8,560.0,8,0
E01397,Cashier,S018,56,4800.0,48,8
E01398,Floor,S018,8,560.0,8,0
E01399,Cashier,S018,56,4800.0,48,8
E01400,Cashier,S018,56,4800.0,48,8
E01402,Customer Service,S018,56,5440.0,48,8
E01404,Cashier,S018,56,4800.0,48,8
E01405,Floor,S018,8,560.0,8,0
E01406,Cashier,S018,40,3000.0,40,0
E01408,Cashier,S018,32,2400.0,32,0
E01409,Cashier,S018,24,1800.0,24,0
E01411,Cashier,S018,16,1200.0,16,0
E01413,Cashier,S018,8,600.0,8,0
E01416,Cashier,S018,8,600.0,8,0
E01426,Cashier,S018,8,600.0,8,0
E01429,Cashier,S018,8,600.0,8,0
E01430,Customer Service,S018,56,5440.0,48,8
E01434,Cashier,S018,8,600.0,8,0
E01441,Supervisor,S019,56,7680.0,48,8
E01442,Floor,S019,56,4480.0,48,8
E01443,Cashier,S019,56,4800.0,48,8
E01444,Cashier,S019,56,4800.0,48,8
E01445,Floor,S019,56,4480.0,48,8
E01446,Cashier,S019,56,4800.0,48,8
E01447,Stock,S019,56,4160.0,48,8
E01448,Floor,S019,56,4480.0,48,8
E01449,Customer Service,S019,56,5440.0,48,8
E01450,Cashier,S019,56,4800.0,48,8
E01451,Floor,S019,56,4480.0,48,8
E01452,Supervisor,S019,56,7680.0,48,8
E01453,Customer Service,S019,56,5440.0,48,8
E01454,Cashier,S019,56,4800.0,48,8
E01455,Stock,S019,56,4160.0,48,8
E01456,Stock,S019,56,4160.0,48,8
E01457,Supervisor,S019,48,5760.0,48,0
E01458,Cashier,S019,56,4800.0,48,8
E01459,Supervisor,S019,24,2880.0,24,0
E01460,Floor,S019,56,4480.0,48,8
E01461,Cashier,S019,56,4800.0,48,8
E01462,Stock,S019,56,4160.0,48,8
E01463,Cashier,S019,56,4800.0,48,8
E01464,Cashier,S019,56,4800.0,48,8
E01465,Cashier,S019,40,3000.0,40,0
E01466,Cashier,S019,40,3000.0,40,0
E01467,Cashier,S019,16,1200.0,16,0
E01468,Cashier,S019,16,1200.0,16,0
E01469,Floor,S019,56,4480.0,48,8
E01470,Stock,S019,40,2600.0,40,0
E01471,Stock,S019,16,1040.0,16,0
E01472,Floor,S019,56,4480.0,48,8
E01473,Floor,S019,40,2800.0,40,0
E01475,Cashier,S019,8,600.0,8,0
E01476,Customer Service,S019,56,5440.0,48,8
E01477,Floor,S019,24,1680.0,24,0
E01478,Cashier,S019,8,600.0,8,0
E01479,Stock,S019,8,520.0,8,0
E01480,Cashier,S019,8,600.0,8,0
E01481,Customer Service,S019,56,5440.0,48,8
E01482,Floor,S019,16,1120.0,16,0
E01483,Cashier,S019,8,600.0,8,0
E01484,Stock,S019,8,520.0,8,0
E01486,Floor,S019,8,560.0,8,0
E01487,Floor,S019,8,560.0,8,0
E01489,Floor,S019,8,560.0,8,0
E01511,Customer Service,S019,56,5440.0,48,8
E01517,Customer Service,S019,40,3400.0,40,0
E01520,Customer Service,S019,24,2040.0,24,0
E01521,Cashier,S020,56,4800.0,48,8
E01522,Floor,S020,56,4480.0,48,8
E01523,Floor,S020,56,4480.0,48,8
E01524,Cashier,S020,56,4800.0,48,8
E01525,Floor,S020,56,4480.0,48,8
E01526,Supervisor,S020,56,7680.0,48,8
E01527,Floor,S020,56,4480.0,48,8
E01528,Floor,S020,56,4480.0,48,8
E01529,Floor,S020,56,4480.0,48,8
E01530,Floor,S020,56,4480.0,48,8
E01531,Cashier,S020,56,4800.0,48,8
E01532,Floor,S020,40,2800.0,40,0
E01533,Stock,S020,56,4160.0,48,8
E01534,Supervisor,S020,56,7680.0,48,8
E01535,Floor,S020,24,1680.0,24,0
E01536,Cashier,S020,56,4800.0,48,8
E01537,Cashier,S020,56,4800.0,48,8
E01538,Stock,S020,56,4160.0,48,8
E01539,Floor,S020,16,1120.0,16,0
E01540,Supervisor,S020,48,5760.0,48,0
E01541,Stock,S020,56,4160.0,48,8
E01542,Customer Service,S020,56,5440.0,48,8
E01543,Supervisor,S020,24,2880.0,24,0
E01544,Floor,S020,8,560.0,8,0
E01545,Floor,S020,8,560.0,8,0
E01546,Floor,S020,8,560.0,8,0
E01548,Stock,S020,56,4160.0,48,8
E01549,Cashier,S020,56,4800.0,48,8
E01550,Stock,S020,48,3120.0,48,0
E01553,Cashier,S020,56,4800.0,48,8
E01554,Stock,S020,16,1040.0,16,0
E01555,Cashier,S020,56,4800.0,48,8
E01556,Stock,S020,8,520.0,8,0
E01558,Cashier,S020,56,4800.0,48,8
E01559,Cashier,S020,40,3000.0,40,0
E01561,Stock,S020,8,520.0,8,0
E01562,Customer Service,S020,56,5440.0,48,8
E01564,Cashier,S020,32,2400.0,32,0
E01570,Cashier,S020,24,1800.0,24,0
E01571,Cashier,S020,16,1200.0,16,0
E01572,Cashier,S020,8,600.0,8,0
E01575,Cashier,S020,8,600.0,8,0
E01579,Customer Service,S020,56,5440.0,48,8
E01584,Customer Service,S020,56,5440.0,48,8
E01588,Cashier,S020,8,600.0,8,0
E01590,Cashier,S020,8,600.0,8,0
E01598,Customer Service,S020,56,5440.0,48,8
E01600,Customer Service,S020,32,2720.0,32,0
E01601,Floor,S021,56,4480.0,48,8
E01602,Floor,S021,56,4480.0,48,8
E01603,Floor,S021,56,4480.0,48,8
E01604,Floor,S021,56,4480.0,48,8
E01605,Floor,S021,56,4480.0,48,8
E01606,Supervisor,S021,56,7680.0,48,8
E01607,Floor,S021,40,2800.0,40,0
E01608,Floor,S021,24,1680.0,24,0
E01609,Cashier,S021,56,4800.0,48,8
E01610,Supervisor,S021,56,7680.0,48,8
E01611,Stock,S021,56,4160.0,48,8
E01612,Cashier,S021,56,4800.0,48,8
E01613,Floor,S021,16,1120.0,16,0
E01614,Floor,S021,8,560.0,8,0
E01616,Stock,S021,56,4160.0,48,8
E01617,Stock,S021,56,4160.0,48,8
E01618,Stock,S021,24,1560.0,24,0
E01621,Cashier,S021,56,4800.0,48,8
E01622,Stock,S021,8,520.0,8,0
E01624,Customer Service,S021,56,5440.0,48,8
E01628,Supervisor,S021,8,960.0,8,0
E01632,Cashier,S021,56,4800.0,48,8
E01633,Supervisor,S021,8,960.0,8,0
E01636,Customer Service,S021,56,5440.0,48,8
E01638,Cashier,S021,56,4800.0,48,8
E01642,Cashier,S021,56,4800.0,48,8
E01643,Cashier,S021,48,3600.0,48,0
E01647,Cashier,S021,32,2400.0,32,0
E01652,Cashier,S021,16,1200.0,16,0
E01653,Customer Service,S021,56,5440.0,48,8
E01655,Cashier,S021,16,1200.0,16,0
E01657,Cashier,S021,8,600.0,8,0
E01661,Cashier,S021,8,600.0,8,0
E01665,Cashier,S021,8,600.0,8,0
E01667,Customer Service,S021,56,5440.0,48,8
E01672,Customer Service,S021,32,2720.0,32,0
E01673,Customer Service,S021,16,1360.0,16,0
E01677,Customer Service,S021,8,680.0,8,0
E01681,Supervisor,S022,56,7680.0,48,8
E01682,Floor,S022,56,4480.0,48,8
E01683,Floor,S022,56,4480.0,48,8
E01684,Floor,S022,56,4480.0,48,8
E01685,Customer Service,S022,56,5440.0,48,8
E01686,Floor,S022,56,4480.0,48,8
E01687,Floor,S022,8,560.0,8,0
E01688,Supervisor,S022,56,7680.0,48,8
E01690,Floor,S022,8,560.0,8,0
E01691,Cashier,S022,56,4800.0,48,8
E01692,Stock,S022,56,4160.0,48,8
E01693,Cashier,S022,56,4800.0,48,8
E01694,Cashier,S022,56,4800.0,48,8
E01696,Cashier,S022,56,4800.0,48,8
E01699,Cashier,S022,40,3000.0,40,0
E01703,Cashier,S022,16,1200.0,16,0
E01704,Stock,S022,56,4160.0,48,8
E01705,Cashier,S022,8,600.0,8,0
E01708,Cashier,S022,8,600.0,8,0
E01710,Stock,S022,8,520.0,8,0
E01711,Stock,S022,8,520.0,8,0
E01747,Customer Service,S022,56,5440.0,48,8
E01749,Customer Service,S022,40,3400.0,40,0
E01761,Cashier,S023,56,4800.0,48,8
E01762,Stock,S023,56,4160.0,48,8
E01763,Floor,S023,56,4480.0,48,8
E01764,Floor,S023,56,4480.0,48,8
E01765,Floor,S023,56,4480.0,48,8
E01766,Floor,S023,56,4480.0,48,8
E01767,Cashier,S023,56,4800.0,48,8
E01768,Stock,S023,56,4160.0,48,8
E01769,Stock,S023,8,520.0,8,0
E01770,Cashier,S023,56,4800.0,48,8
E01771,Cashier,S023,56,4800.0,48,8
E01772,Floor,S023,8,560.0,8,0
E01773,Floor,S023,8,560.0,8,0
E01774,Cashier,S023,40,3000.0,40,0
E01775,Customer Service,S023,56,5440.0,48,8
E01777,Customer Service,S023,56,5440.0,48,8
E01778,Cashier,S023,16,1200.0,16,0
E01779,Cashier,S023,8,600.0,8,0
E01780,Customer Service,S023,40,3400.0,40,0
E01783,Customer Service,S023,16,1360.0,16,0
E01784,Supervisor,S023,56,7680.0,48,8
E01790,Supervisor,S023,56,7680.0,48,8
E01791,Stock,S023,8,520.0,8,0
E01841,Cashier,S024,56,4800.0,48,8
E01842,Cashier,S024,56,4800.0,48,8
E01843,Cashier,S024,56,4800.0,48,8
E01844,Cashier,S024,56,4800.0,48,8
E01845,Floor,S024,56,4480.0,48,8
E01846,Cashier,S024,56,4800.0,48,8
E01847,Cashier,S024,56,4800.0,48,8
E01848,Stock,S024,56,4160.0,48,8
E01849,Floor,S024,56,4480.0,48,8
E01850,Stock,S024,56,4160.0,48,8
E01851,Stock,S024,56,4160.0,48,8
E01852,Floor,S024,56,4480.0,48,8
E01853,Supervisor,S024,56,7680.0,48,8
E01854,Cashier,S024,56,4800.0,48,8
E01855,Floor,S024,56,4480.0,48,8
E01856,Cashier,S024,56,4800.0,48,8
E01857,Cashier,S024,56,4800.0,48,8
E01858,Floor,S024,56,4480.0,48,8
E01859,Cashier,S024,56,4800.0,48,8
E01860,Floor,S024,56,4480.0,48,8
E01861,Cashier,S024,40,3000.0,40,0
E01862,Stock,S024,56,4160.0,48,8
E01863,Floor,S024,56,4480.0,48,8
E01864,Supervisor,S024,56,7680.0,48,8
E01865,Floor,S024,40,2800.0,40,0
E01866,Stock,S024,40,2600.0,40,0
E01867,Cashier,S024,24,1800.0,24,0
E01868,Cashier,S024,24,1800.0,24,0
E01869,Customer Service,S024,56,5440.0,48,8
E01870,Floor,S024,24,1680.0,24,0
E01871,Stock,S024,24,1560.0,24,0
E01872,Cashier,S024,8,600.0,8,0
E01873,Customer Service,S024,56,5440.0,48,8
E01874,Floor,S024,24,1680.0,24,0
E01875,Cashier,S024,8,600.0,8,0
E01876,Stock,S024,8,520.0,8,0
E01877,Cashier,S024,8,600.0,8,0
E01878,Cashier,S024,8,600.0,8,0
E01879,Supervisor,S024,48,5760.0,48,0
E01880,Stock,S024,8,520.0,8,0
E01881,Floor,S024,8,560.0,8,0
E01883,Customer Service,S024,56,5440.0,48,8
E01884,Customer Service,S024,56,5440.0,48,8
E01887,Floor,S024,8,560.0,8,0
E01891,Floor,S024,8,560.0,8,0
E01898,Customer Service,S024,56,5440.0,48,8
E01901,Customer Service,S024,40,3400.0,40,0
E01902,Supervisor,S024,24,2880.0,24,0
E01911,Customer Service,S024,24,2040.0,24,0
E01921,Cashier,S025,56,4800.0,48,8
E01922,Cashier,S025,56,4800.0,48,8
E01923,Floor,S025,56,4480.0,48,8
E01924,Cashier,S025,56,4800.0,48,8
E01925,Cashier,S025,56,4800.0,48,8
E01926,Customer Service,S025,56,5440.0,48,8
E01927,Cashier,S025,56,4800.0,48,8
E01928,Floor,S025,56,4480.0,48,8
E01929,Stock,S025,56,4160.0,48,8
E01930,Customer Service,S025,56,5440.0,48,8
E01931,Cashier,S025,56,4800.0,48,8
E01932,Customer Service,S025,56,5440.0,48,8
E01933,Cashier,S025,56,4800.0,48,8
E01934,Floor,S025,56,4480.0,48,8
E01935,Floor,S025,56,4480.0,48,8
E01936,Customer Service,S025,56,5440.0,48,8
E01937,Floor,S025,56,4480.0,48,8
E01938,Cashier,S025,56,4800.0,48,8
E01939,Stock,S025,56,4160.0,48,8
E01940,Floor,S025,56,4480.0,48,8
E01941,Cashier,S025,48,3600.0,48,0
E01942,Cashier,S025,40,3000.0,40,0
E01943,Stock,S025,56,4160.0,48,8
E01944,Stock,S025,56,4160.0,48,8
E01945,Floor,S025,56,4480.0,48,8
E01946,Floor,S025,40,2800.0,40,0
E01947,Stock,S025,40,2600.0,40,0
E01948,Cashier,S025,32,2400.0,32,0
E01949,Cashier,S025,24,1800.0,24,0
E01950,Floor,S025,24,1680.0,24,0
E01951,Supervisor,S025,56,7680.0,48,8
E01952,Floor,S025,16,1120.0,16,0
E01953,Floor,S025,8,560.0,8,0
E01954,Customer Service,S025,48,4080.0,48,0
E01955,Supervisor,S025,56,7680.0,48,8
E01956,Cashier,S025,24,1800.0,24,0
E01957,Stock,S025,16,1040.0,16,0
E01958,Stock,S025,8,520.0,8,0
E01959,Floor,S025,8,560.0,8,0
E01960,Floor,S025,8,560.0,8,0
E01961,Cashier,S025,8,600.0,8,0
E01963,Stock,S025,8,520.0,8,0
E01966,Cashier,S025,8,600.0,8,0
E01968,Cashier,S025,8,600.0,8,0
E01969,Customer Service,S025,40,3400.0,40,0
E01972,Customer Service,S025,24,2040.0,24,0
E01974,Cashier,S025,8,600.0,8,0
E01977,Customer Service,S025,8,680.0,8,0
E01983,Customer Service,S025,8,680.0,8,0
E01995,Supervisor,S025,40,4800.0,40,0
E02001,Cashier,S026,56,4800.0,48,8
E02002,Supervisor,S026,56,7680.0,48,8
E02003,Stock,S026,56,4160.0,48,8
E02004,Customer Service,S026,56,5440.0,48,8
E02005,Floor,S026,56,4480.0,48,8
E02006,Cashier,S026,56,4800.0,48,8
E02007,Floor,S026,56,4480.0,48,8
E02008,Floor,S026,56,4480.0,48,8
E02009,Customer Service,S026,56,5440.0,48,8
E02010,Floor,S026,56,4480.0,48,8
E02011,Floor,S026,56,4480.0,48,8
E02012,Floor,S026,40,2800.0,40,0
E02013,Supervisor,S026,56,7680.0,48,8
E02014,Floor,S026,32,2240.0,32,0
E02015,Supervisor,S026,8,960.0,8,0
E02016,Cashier,S026,56,4800.0,48,8
E02017,Stock,S026,56,4160.0,48,8
E02018,Stock,S026,56,4160.0,48,8
E02019,Supervisor,S026,8,960.0,8,0
E02020,Floor,S026,8,560.0,8,0
E02021,Customer Service,S026,56,5440.0,48,8
E02022,Floor,S026,8,560.0,8,0
E02023,Stock,S026,32,2080.0,32,0
E02024,Cashier,S026,56,4800.0,48,8
E02026,Cashier,S026,56,4800.0,48,8
E02029,Stock,S026,8,520.0,8,0
E02030,Cashier,S026,56,4800.0,48,8
E02034,Cashier,S026,48,3600.0,48,0
E02037,Customer Service,S026,56,5440.0,48,8
E02041,Customer Service,S026,40,3400.0,40,0
E02042,Cashier,S026,40,3000.0,40,0
E02044,Cashier,S026,24,1800.0,24,0
E02046,Customer Service,S026,8,680.0,8,0
E02047,Cashier,S026,8,600.0,8,0
E02050,Cashier,S026,8,600.0,8,0
E02051,Cashier,S026,8,600.0,8,0
E02054,Cashier,S026,8,600.0,8,0
E02058,Customer Service,S026,8,680.0,8,0
E02081,Customer Service,S027,56,5440.0,48,8
E02082,Stock,S027,56,4160.0,48,8
E02083,Cashier,S027,56,4800.0,48,8
E02084,Stock,S027,56,4160.0,48,8
E02085,Floor,S027,56,4480.0,48,8
E02086,Supervisor,S027,56,7680.0,48,8
E02087,Customer Service,S027,56,5440.0,48,8
E02088,Stock,S027,56,4160.0,48,8
E02089,Stock,S027,56,4160.0,48,8
E02090,Floor,S027,56,4480.0,48,8
E02091,Stock,S027,40,2600.0,40,0
E02092,Customer Service,S027,56,5440.0,48,8
E02093,Floor,S027,56,4480.0,48,8
E02094,Customer Service,S027,56,5440.0,48,8
E02095,Supervisor,S027,56,7680.0,48,8
E02096,Cashier,S027,56,4800.0,48,8
E02097,Cashier,S027,56,4800.0,48,8
E02098,Floor,S027,56,4480.0,48,8
E02099,Customer Service,S027,56,5440.0,48,8
E02100,Floor,S027,56,4480.0,48,8
E02101,Floor,S027,56,4480.0,48,8
E02102,Cashier,S027,56,4800.0,48,8
E02103,Stock,S027,16,1040.0,16,0
E02104,Customer Service,S027,32,2720.0,32,0
E02105,Floor,S027,56,4480.0,48,8
E02106,Cashier,S027,56,4800.0,48,8
E02107,Supervisor,S027,48,5760.0,48,0
E02108,Cashier,S027,56,4800.0,48,8
E02109,Customer Service,S027,24,2040.0,24,0
E02110,Supervisor,S027,24,2880.0,24,0
E02113,Floor,S027,40,2800.0,40,0
E02114,Cashier,S027,56,4800.0,48,8
E02115,Stock,S027,8,520.0,8,0
E02116,Floor,S027,24,1680.0,24,0
E02117,Cashier,S027,56,4800.0,48,8
E02118,Customer Service,S027,8,680.0,8,0
E02120,Customer Service,S027,8,680.0,8,0
E02121,Floor,S027,16,1120.0,16,0
E02122,Cashier,S027,56,4800.0,48,8
E02123,Cashier,S027,32,2400.0,32,0
E02124,Floor,S027,8,560.0,8,0
E02126,Floor,S027,8,560.0,8,0
E02127,Floor,S027,8,560.0,8,0
E02128,Stock,S027,8,520.0,8,0
E02131,Cashier,S027,32,2400.0,32,0
E02137,Cashier,S027,24,1800.0,24,0
E02138,Cashier,S027,24,1800.0,24,0
E02141,Cashier,S027,8,600.0,8,0
E02142,Cashier,S027,8,600.0,8,0
E02148,Cashier,S027,8,600.0,8,0
E02161,Floor,S028,56,4480.0,48,8
E02162,Cashier,S028,56,4800.0,48,8
E02163,Stock,S028,56,4160.0,48,8
E02164,Supervisor,S028,56,7680.0,48,8
E02165,Floor,S028,56,4480.0,48,8
E02166,Cashier,S028,56,4800.0,48,8
E02167,Cashier,S028,56,4800.0,48,8
E02168,Stock,S028,56,4160.0,48,8
E02169,Supervisor,S028,56,7680.0,48,8
E02170,Floor,S028,56,4480.0,48,8
E02171,Floor,S028,56,4480.0,48,8
E02172,Cashier,S028,56,4800.0,48,8
E02173,Stock,S028,56,4160.0,48,8
E02174,Stock,S028,32,2080.0,32,0
E02175,Floor,S028,56,4480.0,48,8
E02176,Floor,S028,40,2800.0,40,0
E02177,Cashier,S028,56,4800.0,48,8
E02178,Floor,S028,24,1680.0,24,0
E02179,Floor,S028,16,1120.0,16,0
E02180,Customer Service,S028,56,5440.0,48,8
E02181,Floor,S028,8,560.0,8,0
E02182,Cashier,S028,56,4800.0,48,8
E02183,Cashier,S028,56,4800.0,48,8
E02184,Cashier,S028,32,2400.0,32,0
E02185,Stock,S028,8,520.0,8,0
E02186,Supervisor,S028,8,960.0,8,0
E02187,Stock,S028,8,520.0,8,0
E02188,Floor,S028,8,560.0,8,0
E02190,Cashier,S028,24,1800.0,24,0
E02191,Supervisor,S028,8,960.0,8,0
E02192,Cashier,S028,16,1200.0,16,0
E02193,Cashier,S028,8,600.0,8,0
E02194,Cashier,S028,8,600.0,8,0
E02196,Customer Service,S028,56,5440.0,48,8
E02214,Customer Service,S028,56,5440.0,48,8
E02221,Customer Service,S028,56,5440.0,48,8
E02225,Customer Service,S028,32,2720.0,32,0
E02226,Customer Service,S028,16,1360.0,16,0
E02227,Customer Service,S028,8,680.0,8,0
E02241,Floor,S029,56,4480.0,48,8
E02242,Stock,S029,56,4160.0,48,8
E02243,Cashier,S029,56,4800.0,48,8
E02244,Floor,S029,56,4480.0,48,8
E02245,Floor,S029,56,4480.0,48,8
E02246,Stock,S029,56,4160.0,48,8
E02247,Cashier,S029,56,4800.0,48,8
E02248,Cashier,S029,56,4800.0,48,8
E02249,Floor,S029,56,4480.0,48,8
E02250,Cashier,S029,48,3600.0,48,0
E02251,Supervisor,S029,56,7680.0,48,8
E02252,Stock,S029,8,520.0,8,0
E02253,Cashier,S029,40,3000.0,40,0
E02254,Stock,S029,8,520.0,8,0
E02255,Cashier,S029,8,600.0,8,0
E02256,Floor,S029,8,560.0,8,0
E02257,Cashier,S029,8,600.0,8,0
E02259,Floor,S029,8,560.0,8,0
E02262,Supervisor,S029,56,7680.0,48,8
E02278,Customer Service,S029,56,5440.0,48,8
E02288,Customer Service,S029,56,5440.0,48,8
E02291,Customer Service,S029,40,3400.0,40,0
E02297,Customer Service,S029,8,680.0,8,0
E02321,Cashier,S030,56,4800.0,48,8
E02322,Cashier,S030,56,4800.0,48,8
E02323,Cashier,S030,56,4800.0,48,8
E02324,Cashier,S030,56,4800.0,48,8
E02325,Customer Service,S030,56,5440.0,48,8
E02326,Customer Service,S030,56,5440.0,48,8
E02327,Floor,S030,56,4480.0,48,8
E02328,Cashier,S030,40,3000.0,40,0
E02329,Floor,S030,56,4480.0,48,8
E02330,Floor,S030,56,4480.0,48,8
E02331,Cashier,S030,16,1200.0,16,0
E02332,Floor,S030,56,4480.0,48,8
E02333,Floor,S030,8,560.0,8,0
E02334,Floor,S030,8,560.0,8,0
E02335,Cashier,S030,8,600.0,8,0
E02336,Cashier,S030,8,600.0,8,0
E02338,Stock,S030,56,4160.0,48,8
E02349,Customer Service,S030,40,3400.0,40,0
E02350,Supervisor,S030,56,7680.0,48,8
E02355,Supervisor,S030,56,7680.0,48,8
E02358,Customer Service,S030,16,1360.0,16,0
E02367,Stock,S030,56,4160.0,48,8
E02372,Stock,S030,8,520.0,8,0
E02375,Stock,S030,8,520.0,8,0
E02401,Floor,S031,56,4480.0,48,8
E02402,Floor,S031,56,4480.0,48,8
E02403,Supervisor,S031,56,7680.0,48,8
E02404,Cashier,S031,56,4800.0,48,8
E02405,Stock,S031,56,4160.0,48,8
E02406,Cashier,S031,56,4800.0,48,8
E02407,Floor,S031,56,4480.0,48,8
E02408,Stock,S031,56,4160.0,48,8
E02409,Floor,S031,56,4480.0,48,8
E02410,Cashier,S031,56,4800.0,48,8
E02411,Supervisor,S031,56,7680.0,48,8
E02412,Stock,S031,56,4160.0,48,8
E02413,Floor,S031,56,4480.0,48,8
E02414,Cashier,S031,56,4800.0,48,8
E02415,Stock,S031,56,4160.0,48,8
E02416,Floor,S031,56,4480.0,48,8
E02417,Floor,S031,56,4480.0,48,8
E02418,Stock,S031,48,3120.0,48,0
E02419,Stock,S031,16,1040.0,16,0
E02420,Cashier,S031,56,4800.0,48,8
E02421,Stock,S031,8,520.0,8,0
E02422,Supervisor,S031,48,5760.0,48,0
E02423,Floor,S031,48,3360.0,48,0
E02424,Supervisor,S031,24,2880.0,24,0
E02425,Floor,S031,24,1680.0,24,0
E02426,Floor,S031,16,1120.0,16,0
E02427,Stock,S031,8,520.0,8,0
E02430,Customer Service,S031,56,5440.0,48,8
E02431,Floor,S031,8,560.0,8,0
E02433,Cashier,S031,56,4800.0,48,8
E02434,Floor,S031,8,560.0,8,0
E02437,Cashier,S031,56,4800.0,48,8
E02438,Cashier,S031,56,4800.0,48,8
E02439,Customer Service,S031,56,5440.0,48,8
E02440,Cashier,S031,56,4800.0,48,8
E02442,Cashier,S031,48,3600.0,48,0
E02444,Floor,S031,8,560.0,8,0
E02445,Cashier,S031,32,2400.0,32,0
E02449,Cashier,S031,24,1800.0,24,0
E02451,Cashier,S031,8,600.0,8,0
E02459,Customer Service,S031,56,5440.0,48,8
E02461,Cashier,S031,8,600.0,8,0
E02462,Cashier,S031,8,600.0,8,0
E02465,Cashier,S031,8,600.0,8,0
E02466,Cashier,S031,8,600.0,8,0
E02481,Supervisor,S032,56,7680.0,48,8
E02482,Floor,S032,56,4480.0,48,8
E02483,Customer Service,S032,56,5440.0,48,8
E02484,Floor,S032,56,4480.0,48,8
E02485,Stock,S032,56,4160.0,48,8
E02486,Cashier,S032,56,4800.0,48,8
E02487,Floor,S032,56,4480.0,48,8
E02488,Cashier,S032,56,4800.0,48,8
E02489,Stock,S032,56,4160.0,48,8
E02490,Floor,S032,56,4480.0,48,8
E02491,Floor,S032,8,560.0,8,0
E02492,Cashier,S032,56,4800.0,48,8
E02493,Cashier,S032,56,4800.0,48,8
E02494,Customer Service,S032,56,5440.0,48,8
E02495,Cashier,S032,40,3000.0,40,0
E02496,Cashier,S032,16,1200.0,16,0
E02498,Customer Service,S032,40,3400.0,40,0
E02499,Customer Service,S032,16,1360.0,16,0
E02500,Floor,S032,8,560.0,8,0
E02503,Stock,S032,8,520.0,8,0
E02509,Stock,S032,8,520.0,8,0
E02511,Supervisor,S032,56,7680.0,48,8
E02561,Cashier,S033,56,4800.0,48,8
E02562,Customer Service,S033,56,5440.0,48,8
E02563,Cashier,S033,56,4800.0,48,8
E02564,Cashier,S033,56,4800.0,48,8
E02565,Cashier,S033,56,4800.0,48,8
E02566,Cashier,S033,56,4800.0,48,8
E02567,Floor,S033,56,4480.0,48,8
E02568,Cashier,S033,56,4800.0,48,8
E02569,Supervisor,S033,56,7680.0,48,8
E02570,Floor,S033,56,4480.0,48,8
E02571,Supervisor,S033,56,7680.0,48,8
E02572,Stock,S033,56,4160.0,48,8
E02573,Customer Service,S033,56,5440.0,48,8
E02574,Floor,S033,56,4480.0,48,8
E02575,Stock,S033,56,4160.0,48,8
E02576,Floor,S033,56,4480.0,48,8
E02577,Cashier,S033,48,3600.0,48,0
E02578,Floor,S033,56,4480.0,48,8
E02579,Cashier,S033,40,3000.0,40,0
E02580,Floor,S033,40,2800.0,40,0
E02581,Cashier,S033,24,1800.0,24,0
E02582,Supervisor,S033,8,960.0,8,0
E02583,Floor,S033,24,1680.0,24,0
E02584,Cashier,S033,16,1200.0,16,0
E02585,Floor,S033,8,560.0,8,0
E02586,Stock,S033,56,4160.0,48,8
E02587,Cashier,S033,8,600.0,8,0
E02588,Cashier,S033,8,600.0,8,0
E02589,Floor,S033,8,560.0,8,0
E02591,Stock,S033,24,1560.0,24,0
E02592,Supervisor,S033,8,960.0,8,0
E02594,Stock,S033,8,520.0,8,0
E02602,Customer Service,S033,56,5440.0,48,8
E02604,Customer Service,S033,56,5440.0,48,8
E02605,Customer Service,S033,40,3400.0,40,0
E02612,Customer Service,S033,16,1360.0,16,0
E02641,Cashier,S034,56,4800.0,48,8
E02642,Cashier,S034,56,4800.0,48,8
E02643,Cashier,S034,56,4800.0,48,8
E02644,Supervisor,S034,56,7680.0,48,8
E02645,Stock,S034,56,4160.0,48,8
E02646,Cashier,S034,56,4800.0,48,8
E02647,Floor,S034,56,4480.0,48,8
E02648,Floor,S034,56,4480.0,48,8
E02649,Floor,S034,56,4480.0,48,8
E02650,Cashier,S034,56,4800.0,48,8
E02651,Cashier,S034,56,4800.0,48,8
E02652,Cashier,S034,56,4800.0,48,8
E02653,Stock,S034,56,4160.0,48,8
E02654,Floor,S034,56,4480.0,48,8
E02655,Floor,S034,56,4480.0,48,8
E02656,Customer Service,S034,56,5440.0,48,8
E02657,Stock,S034,56,4160.0,48,8
E02658,Floor,S034,56,4480.0,48,8
E02659,Stock,S034,56,4160.0,48,8
E02660,Stock,S034,40,2600.0,40,0
E02661,Cashier,S034,56,4800.0,48,8
E02662,Cashier,S034,56,4800.0,48,8
E02663,Cashier,S034,40,3000.0,40,0
E02664,Customer Service,S034,56,5440.0,48,8
E02665,Cashier,S034,32,2400.0,32,0
E02666,Floor,S034,56,4480.0,48,8
E02667,Cashier,S034,24,1800.0,24,0
E02668,Floor,S034,40,2800.0,40,0
E02669,Customer Service,S034,56,5440.0,48,8
E02670,Floor,S034,16,1120.0,16,0
E02671,Cashier,S034,16,1200.0,16,0
E02672,Customer Service,S034,56,5440.0,48,8
E02673,Stock,S034,16,1040.0,16,0
E02674,Cashier,S034,8,600.0,8,0
E02675,Supervisor,S034,56,7680.0,48,8
E02676,Cashier,S034,8,600.0,8,0
E02677,Supervisor,S034,40,4800.0,40,0
E02678,Cashier,S034,8,600.0,8,0
E02681,Customer Service,S034,56,5440.0,48,8
E02682,Stock,S034,8,520.0,8,0
E02684,Floor,S034,16,1120.0,16,0
E02685,Floor,S034,8,560.0,8,0
E02686,Supervisor,S034,16,1920.0,16,0
E02687,Customer Service,S034,32,2720.0,32,0
E02688,Floor,S034,8,560.0,8,0
E02689,Floor,S034,8,560.0,8,0
E02691,Stock,S034,8,520.0,8,0
E02699,Customer Service,S034,24,2040.0,24,0
E02706,Customer Service,S034,8,680.0,8,0
E02718,Customer Service,S034,8,680.0,8,0
E02721,Cashier,S035,56,4800.0,48,8
E02722,Cashier,S035,56,4800.0,48,8
E02723,Cashier,S035,56,4800.0,48,8
E02724,Cashier,S035,56,4800.0,48,8
E02725,Supervisor,S035,56,7680.0,48,8
E02726,Stock,S035,56,4160.0,48,8
E02727,Customer Service,S035,56,5440.0,48,8
E02728,Cashier,S035,56,4800.0,48,8
E02729,Stock,S035,56,4160.0,48,8
E02730,Floor,S035,56,4480.0,48,8
E02731,Supervisor,S035,56,7680.0,48,8
E02732,Supervisor,S035,8,960.0,8,0
E02733,Cashier,S035,56,4800.0,48,8
E02734,Cashier,S035,56,4800.0,48,8
E02735,Floor,S035,56,4480.0,48,8
E02736,Cashier,S035,32,2400.0,32,0
E02737,Cashier,S035,16,1200.0,16,0
E02738,Stock,S035,56,4160.0,48,8
E02739,Stock,S035,24,1560.0,24,0
E02740,Cashier,S035,8,600.0,8,0
E02741,Floor,S035,56,4480.0,48,8
E02742,Stock,S035,8,520.0,8,0
E02743,Cashier,S035,8,600.0,8,0
E02744,Cashier,S035,8,600.0,8,0
E02745,Stock,S035,8,520.0,8,0
E02750,Floor,S035,56,4480.0,48,8
E02752,Customer Service,S035,56,5440.0,48,8
E02753,Supervisor,S035,8,960.0,8,0
E02755,Customer Service,S035,56,5440.0,48,8
E02762,Floor,S035,56,4480.0,48,8
E02766,Floor,S035,40,2800.0,40,0
E02767,Floor,S035,24,1680.0,24,0
E02771,Floor,S035,16,1120.0,16,0
E02773,Floor,S035,8,560.0,8,0
E02776,Floor,S035,8,560.0,8,0
E02801,Stock,S036,56,4160.0,48,8
E02802,Cashier,S036,56,4800.0,48,8
E02803,Customer Service,S036,56,5440.0,48,8
E02804,Cashier,S036,56,4800.0,48,8
E02805,Stock,S036,56,4160.0,48,8
E02806,Supervisor,S036,56,7680.0,48,8
E02807,Stock,S036,8,520.0,8,0
E02808,Supervisor,S036,56,7680.0,48,8
E02809,Stock,S036,8,520.0,8,0
E02811,Floor,S036,56,4480.0,48,8
E02812,Floor,S036,56,4480.0,48,8
E02813,Cashier,S036,56,4800.0,48,8
E02814,Floor,S036,56,4480.0,48,8
E02815,Cashier,S036,56,4800.0,48,8
E02817,Customer Service,S036,56,5440.0,48,8
E02819,Floor,S036,56,4480.0,48,8
E02820,Customer Service,S036,40,3400.0,40,0
E02821,Cashier,S036,40,3000.0,40,0
E02822,Floor,S036,8,560.0,8,0
E02823,Cashier,S036,16,1200.0,16,0
E02825,Cashier,S036,8,600.0,8,0
E02826,Cashier,S036,8,600.0,8,0
E02828,Customer Service,S036,16,1360.0,16,0
E02829,Floor,S036,8,560.0,8,0
E02881,Floor,S037,56,4480.0,48,8
E02882,Stock,S037,56,4160.0,48,8
E02883,Supervisor,S037,56,7680.0,48,8
E02884,Floor,S037,56,4480.0,48,8
E02885,Cashier,S037,56,4800.0,48,8
E02886,Floor,S037,56,4480.0,48,8
E02887,Cashier,S037,56,4800.0,48,8
E02888,Stock,S037,56,4160.0,48,8
E02889,Supervisor,S037,56,7680.0,48,8
E02890,Cashier,S037,56,4800.0,48,8
E02891,Cashier,S037,56,4800.0,48,8
E02892,Floor,S037,56,4480.0,48,8
E02893,Customer Service,S037,56,5440.0,48,8
E02894,Supervisor,S037,40,4800.0,40,0
E02895,Cashier,S037,56,4800.0,48,8
E02896,Floor,S037,56,4480.0,48,8
E02897,Floor,S037,56,4480.0,48,8
E02898,Customer Service,S037,56,5440.0,48,8
E02899,Floor,S037,56,4480.0,48,8
E02900,Floor,S037,40,2800.0,40,0
E02901,Floor,S037,24,1680.0,24,0
E02902,Stock,S037,56,4160.0,48,8
E02903,Floor,S037,16,1120.0,16,0
E02904,Supervisor,S037,24,2880.0,24,0
E02905,Cashier,S037,56,4800.0,48,8
E02906,Cashier,S037,56,4800.0,48,8
E02907,Floor,S037,8,560.0,8,0
E02908,Stock,S037,56,4160.0,48,8
E02910,Cashier,S037,56,4800.0,48,8
E02911,Cashier,S037,56,4800.0,48,8
E02912,Floor,S037,8,560.0,8,0
E02913,Stock,S037,40,2600.0,40,0
E02914,Stock,S037,24,1560.0,24,0
E02915,Floor,S037,8,560.0,8,0
E02916,Stock,S037,8,520.0,8,0
E02926,Cashier,S037,32,2400.0,32,0
E02927,Cashier,S037,24,1800.0,24,0
E02928,Cashier,S037,24,1800.0,24,0
E02930,Cashier,S037,16,1200.0,16,0
E02938,Cashier,S037,8,600.0,8,0
E02939,Cashier,S037,8,600.0,8,0
E02943,Cashier,S037,8,600.0,8,0
E02944,Customer Service,S037,56,5440.0,48,8
E02947,Customer Service,S037,56,5440.0,48,8
E02959,Customer Service,S037,56,5440.0,48,8
E02961,Cashier,S038,56,4800.0,48,8
E02962,Floor,S038,56,4480.0,48,8
E02963,Floor,S038,56,4480.0,48,8
E02964,Stock,S038,56,4160.0,48,8
E02965,Floor,S038,56,4480.0,48,8
E02966,Stock,S038,56,4160.0,48,8
E02967,Cashier,S038,56,4800.0,48,8
E02968,Stock,S038,8,520.0,8,0
E02969,Customer Service,S038,56,5440.0,48,8
E02970,Floor,S038,56,4480.0,48,8
E02971,Cashier,S038,56,4800.0,48,8
E02972,Cashier,S038,56,4800.0,48,8
E02973,Stock,S038,8,520.0,8,0
E02974,Floor,S038,8,560.0,8,0
E02975,Cashier,S038,40,3000.0,40,0
E02976,Cashier,S038,24,1800.0,24,0
E02977,Floor,S038,8,560.0,8,0
E02980,Cashier,S038,8,600.0,8,0
E02983,Supervisor,S038,56,7680.0,48,8
E02984,Customer Service,S038,56,5440.0,48,8
E02986,Supervisor,S038,56,7680.0,48,8
E02989,Customer Service,S038,40,3400.0,40,0
E03000,Customer Service,S038,24,2040.0,24,0
E03041,Cashier,S039,56,4800.0,48,8
E03042,Floor,S039,56,4480.0,48,8
E03043,Supervisor,S039,56,7680.0,48,8
E03044,Stock,S039,56,4160.0,48,8
E03045,Stock,S039,56,4160.0,48,8
E03046,Floor,S039,56,4480.0,48,8
E03047,Floor,S039,56,4480.0,48,8
E03048,Cashier,S039,56,4800.0,48,8
E03049,Cashier,S039,56,4800.0,48,8
E03050,Floor,S039,56,4480.0,48,8
E03051,Stock,S039,8,520.0,8,0
E03052,Floor,S039,8,560.0,8,0
E03053,Floor,S039,8,560.0,8,0
E03054,Cashier,S039,56,4800.0,48,8
E03055,Cashier,S039,40,3000.0,40,0
E03056,Cashier,S039,16,1200.0,16,0
E03057,Cashier,S039,8,600.0,8,0
E03060,Cashier,S039,8,600.0,8,0
E03062,Stock,S039,8,520.0,8,0
E03065,Supervisor,S039,56,7680.0,48,8
E03075,Customer Service,S039,56,5440.0,48,8
E03099,Customer Service,S039,56,5440.0,48,8
E03100,Customer Service,S039,40,3400.0,40,0
E03101,Customer Service,S039,16,1360.0,16,0
E03121,Floor,S040,56,4480.0,48,8
E03122,Cashier,S040,56,4800.0,48,8
E03123,Floor,S040,56,4480.0,48,8
E03124,Floor,S040,56,4480.0,48,8
E03125,Cashier,S040,56,4800.0,48,8
E03126,Floor,S040,56,4480.0,48,8
E03127,Cashier,S040,56,4800.0,48,8
E03128,Stock,S040,56,4160.0,48,8
E03129,Floor,S040,8,560.0,8,0
E03130,Stock,S040,56,4160.0,48,8
E03131,Cashier,S040,56,4800.0,48,8
E03132,Cashier,S040,40,3000.0,40,0
E03133,Cashier,S040,16,1200.0,16,0
E03134,Stock,S040,8,520.0,8,0
E03135,Cashier,S040,8,600.0,8,0
E03136,Customer Service,S040,56,5440.0,48,8
E03137,Floor,S040,8,560.0,8,0
E03138,Supervisor,S040,56,7680.0,48,8
E03140,Supervisor,S040,56,7680.0,48,8
E03141,Stock,S040,8,520.0,8,0
E03153,Customer Service,S040,56,5440.0,48,8
E03165,Customer Service,S040,40,3400.0,40,0
E03186,Customer Service,S040,16,1360.0,16,0
E03201,Stock,S041,56,4160.0,48,8
E03202,Stock,S041,56,4160.0,48,8
E03203,Floor,S041,56,4480.0,48,8
E03204,Stock,S041,56,4160.0,48,8
E03205,Cashier,S041,56,4800.0,48,8
E03206,Cashier,S041,56,4800.0,48,8
E03207,Floor,S041,56,4480.0,48,8
E03208,Stock,S041,24,1560.0,24,0
E03209,Cashier,S041,56,4800.0,48,8
E03210,Stock,S041,8,520.0,8,0
E03211,Floor,S041,56,4480.0,48,8
E03212,Customer Service,S041,56,5440.0,48,8
E03214,Cashier,S041,56,4800.0,48,8
E03215,Cashier,S041,56,4800.0,48,8
E03216,Cashier,S041,56,4800.0,48,8
E03217,Floor,S041,56,4480.0,48,8
E03219,Floor,S041,56,4480.0,48,8
E03220,Cashier,S041,48,3600.0,48,0
E03222,Floor,S041,40,2800.0,40,0
E03223,Cashier,S041,40,3000.0,40,0
E03224,Floor,S041,24,1680.0,24,0
E03226,Cashier,S041,24,1800.0,24,0
E03227,Customer Service,S041,56,5440.0,48,8
E03230,Floor,S041,16,1120.0,16,0
E03231,Floor,S041,8,560.0,8,0
E03234,Supervisor,S041,56,7680.0,48,8
E03235,Cashier,S041,16,1200.0,16,0
E03236,Cashier,S041,8,600.0,8,0
E03237,Cashier,S041,8,600.0,8,0
E03246,Supervisor,S041,56,7680.0,48,8
E03253,Customer Service,S041,56,5440.0,48,8
E03262,Supervisor,S041,8,960.0,8,0
E03264,Customer Service,S041,56,5440.0,48,8
E03265,Supervisor,S041,8,960.0,8,0
E03267,Customer Service,S041,40,3400.0,40,0
E03274,Customer Service,S041,16,1360.0,16,0
E03281,Cashier,S042,56,4800.0,48,8
E03282,Floor,S042,56,4480.0,48,8
E03283,Stock,S042,56,4160.0,48,8
E03284,Stock,S042,56,4160.0,48,8
E03285,Floor,S042,56,4480.0,48,8
E03286,Floor,S042,56,4480.0,48,8
E03287,Stock,S042,8,520.0,8,0
E03288,Supervisor,S042,56,7680.0,48,8
E03289,Supervisor,S042,56,7680.0,48,8
E03290,Stock,S042,8,520.0,8,0
E03291,Floor,S042,56,4480.0,48,8
E03294,Cashier,S042,56,4800.0,48,8
E03296,Cashier,S042,56,4800.0,48,8
E03297,Floor,S042,8,560.0,8,0
E03298,Cashier,S042,56,4800.0,48,8
E03299,Floor,S042,8,560.0,8,0
E03302,Cashier,S042,40,3000.0,40,0
E03306,Cashier,S042,16,1200.0,16,0
E03309,Cashier,S042,8,600.0,8,0
E03330,Customer Service,S042,56,5440.0,48,8
E03346,Customer Service,S042,56,5440.0,48,8
E03352,Customer Service,S042,40,3400.0,40,0
E03356,Customer Service,S042,16,1360.0,16,0
E03361,Stock,S043,56,4160.0,48,8
E03362,Floor,S043,56,4480.0,48,8
E03363,Supervisor,S043,56,7680.0,48,8
E03364,Cashier,S043,56,4800.0,48,8
E03365,Stock,S043,56,4160.0,48,8
E03366,Customer Service,S043,56,5440.0,48,8
E03367,Stock,S043,56,4160.0,48,8
E03368,Floor,S043,56,4480.0,48,8
E03369,Cashier,S043,56,4800.0,48,8
E03370,Floor,S043,56,4480.0,48,8
E03371,Cashier,S043,56,4800.0,48,8
E03372,Stock,S043,24,1560.0,24,0
E03373,Cashier,S043,56,4800.0,48,8
E03374,Cashier,S043,56,4800.0,48,8
E03375,Floor,S043,56,4480.0,48,8
E03376,Supervisor,S043,56,7680.0,48,8
E03377,Supervisor,S043,8,960.0,8,0
E03378,Stock,S043,8,520.0,8,0
E03379,Customer Service,S043,56,5440.0,48,8
E03380,Cashier,S043,56,4800.0,48,8
E03381,Supervisor,S043,8,960.0,8,0
E03383,Customer Service,S043,56,5440.0,48,8
E03384,Customer Service,S043,56,5440.0,48,8
E03387,Cashier,S043,56,4800.0,48,8
E03389,Cashier,S043,40,3000.0,40,0
E03390,Cashier,S043,24,1800.0,24,0
E03394,Cashier,S043,8,600.0,8,0
E03395,Floor,S043,56,4480.0,48,8
E03397,Customer Service,S043,40,3400.0,40,0
E03399,Floor,S043,40,2800.0,40,0
E03402,Cashier,S043,8,600.0,8,0
E03403,Cashier,S043,8,600.0,8,0
E03404,Cashier,S043,8,600.0,8,0
E03405,Floor,S043,24,1680.0,24,0
E03407,Floor,S043,16,1120.0,16,0
E03408,Floor,S043,8,560.0,8,0
E03410,Customer Service,S043,8,680.0,8,0
E03411,Customer Service,S043,8,680.0,8,0
E03413,Customer Service,S043,8,680.0,8,0
E03441,Floor,S044,56,4480.0,48,8
E03442,Cashier,S044,56,4800.0,48,8
E03443,Cashier,S044,56,4800.0,48,8
E03444,Cashier,S044,56,4800.0,48,8
E03445,Floor,S044,56,4480.0,48,8
E03446,Stock,S044,56,4160.0,48,8
E03447,Stock,S044,56,4160.0,48,8
E03448,Supervisor,S044,56,7680.0,48,8
E03449,Cashier,S044,56,4800.0,48,8
E03450,Cashier,S044,56,4800.0,48,8
E03451,Cashier,S044,56,4800.0,48,8
E03452,Floor,S044,56,4480.0,48,8
E03453,Supervisor,S044,56,7680.0,48,8
E03454,Stock,S044,56,4160.0,48,8
E03455,Stock,S044,32,2080.0,32,0
E03456,Cashier,S044,48,3600.0,48,0
E03457,Cashier,S044,32,2400.0,32,0
E03458,Stock,S044,8,520.0,8,0
E03459,Supervisor,S044,8,960.0,8,0
E03460,Cashier,S044,8,600.0,8,0
E03461,Cashier,S044,8,600.0,8,0
E03462,Floor,S044,56,4480.0,48,8
E03463,Floor,S044,56,4480.0,48,8
E03464,Floor,S044,40,2800.0,40,0
E03465,Cashier,S044,8,600.0,8,0
E03466,Cashier,S044,8,600.0,8,0
E03468,Customer Service,S044,56,5440.0,48,8
E03469,Customer Service,S044,56,5440.0,48,8
E03472,Floor,S044,32,2240.0,32,0
E03475,Customer Service,S044,56,5440.0,48,8
E03476,Floor,S044,16,1120.0,16,0
E03479,Supervisor,S044,8,960.0,8,0
E03482,Floor,S044,8,560.0,8,0
E03500,Customer Service,S044,56,5440.0,48,8
E03502,Customer Service,S044,16,1360.0,16,0
E03505,Customer Service,S044,8,680.0,8,0
E03521,Supervisor,S045,56,7680.0,48,8
E03522,Stock,S045,56,4160.0,48,8
E03523,Stock,S045,56,4160.0,48,8
E03524,Floor,S045,56,4480.0,48,8
E03525,Cashier,S045,56,4800.0,48,8
E03526,Cashier,S045,56,4800.0,48,8
E03527,Cashier,S045,56,4800.0,48,8
E03528,Cashier,S045,56,4800.0,48,8
E03529,Floor,S045,56,4480.0,48,8
E03530,Customer Service,S045,56,5440.0,48,8
E03531,Stock,S045,56,4160.0,48,8
E03532,Floor,S045,56,4480.0,48,8
E03533,Floor,S045,56,4480.0,48,8
E03534,Customer Service,S045,56,5440.0,48,8
E03535,Stock,S045,56,4160.0,48,8
E03536,Floor,S045,56,4480.0,48,8
E03537,Cashier,S045,56,4800.0,48,8
E03538,Cashier,S045,56,4800.0,48,8
E03539,Cashier,S045,56,4800.0,48,8
E03540,Customer Service,S045,56,5440.0,48,8
E03541,Cashier,S045,56,4800.0,48,8
E03542,Cashier,S045,56,4800.0,48,8
E03543,Supervisor,S045,56,7680.0,48,8
E03544,Stock,S045,40,2600.0,40,0
E03545,Cashier,S045,48,3600.0,48,0
E03546,Supervisor,S045,48,5760.0,48,0
E03547,Floor,S045,56,4480.0,48,8
E03548,Stock,S045,24,1560.0,24,0
E03549,Cashier,S045,32,2400.0,32,0
E03550,Cashier,S045,24,1800.0,24,0
E03551,Supervisor,S045,24,2880.0,24,0
E03552,Stock,S045,8,520.0,8,0
E03553,Cashier,S045,8,600.0,8,0
E03554,Floor,S045,56,4480.0,48,8
E03555,Stock,S045,8,520.0,8,0
E03556,Customer Service,S045,56,5440.0,48,8
E03557,Cashier,S045,8,600.0,8,0
E03558,Customer Service,S045,56,5440.0,48,8
E03560,Floor,S045,48,3360.0,48,0
E03562,Floor,S045,24,1680.0,24,0
E03563,Cashier,S045,8,600.0,8,0
E03566,Floor,S045,16,1120.0,16,0
E03567,Cashier,S045,8,600.0,8,0
E03568,Cashier,S045,8,600.0,8,0
E03570,Floor,S045,8,560.0,8,0
E03572,Floor,S045,8,560.0,8,0
E03573,Customer Service,S045,32,2720.0,32,0
E03574,Floor,S045,8,560.0,8,0
E03575,Customer Service,S045,16,1360.0,16,0
E03577,Customer Service,S045,8,680.0,8,0
E03584,Customer Service,S045,8,680.0,8,0
E03601,Floor,S046,56,4480.0,48,8
E03602,Stock,S046,56,4160.0,48,8
E03603,Floor,S046,56,4480.0,48,8
E03604,Supervisor,S046,56,7680.0,48,8
E03605,Floor,S046,56,4480.0,48,8
E03606,Floor,S046,56,4480.0,48,8
E03607,Stock,S046,56,4160.0,48,8
E03608,Floor,S046,48,3360.0,48,0
E03609,Cashier,S046,56,4800.0,48,8
E03610,Floor,S046,40,2800.0,40,0
E03611,Stock,S046,48,3120.0,48,0
E03612,Floor,S046,24,1680.0,24,0
E03613,Supervisor,S046,56,7680.0,48,8
E03614,Stock,S046,24,1560.0,24,0
E03615,Stock,S046,8,520.0,8,0
E03616,Floor,S046,8,560.0,8,0
E03617,Cashier,S046,56,4800.0,48,8
E03619,Floor,S046,8,560.0,8,0
E03620,Cashier,S046,56,4800.0,48,8
E03621,Supervisor,S046,8,960.0,8,0
E03622,Cashier,S046,56,4800.0,48,8
E03623,Supervisor,S046,8,960.0,8,0
E03624,Customer Service,S046,56,5440.0,48,8
E03625,Cashier,S046,56,4800.0,48,8
E03626,Cashier,S046,56,4800.0,48,8
E03629,Cashier,S046,40,3000.0,40,0
E03630,Cashier,S046,32,2400.0,32,0
E03631,Cashier,S046,24,1800.0,24,0
E03633,Cashier,S046,8,600.0,8,0
E03634,Cashier,S046,8,600.0,8,0
E03635,Cashier,S046,8,600.0,8,0
E03657,Customer Service,S046,56,5440.0,48,8
E03679,Customer Service,S046,56,5440.0,48,8
E03681,Cashier,S047,56,4800.0,48,8
E03682,Floor,S047,56,4480.0,48,8
E03683,Floor,S047,56,4480.0,48,8
E03684,Cashier,S047,56,4800.0,48,8
E03685,Stock,S047,56,4160.0,48,8
E03686,Customer Service,S047,56,5440.0,48,8
E03687,Floor,S047,56,4480.0,48,8
E03688,Supervisor,S047,56,7680.0,48,8
E03689,Supervisor,S047,56,7680.0,48,8
E03690,Cashier,S047,56,4800.0,48,8
E03691,Cashier,S047,56,4800.0,48,8
E03692,Cashier,S047,56,4800.0,48,8
E03693,Floor,S047,56,4480.0,48,8
E03694,Stock,S047,56,4160.0,48,8
E03695,Stock,S047,56,4160.0,48,8
E03696,Cashier,S047,56,4800.0,48,8
E03697,Stock,S047,40,2600.0,40,0
E03698,Stock,S047,8,520.0,8,0
E03699,Stock,S047,8,520.0,8,0
E03700,Floor,S047,56,4480.0,48,8
E03702,Floor,S047,48,3360.0,48,0
E03704,Cashier,S047,56,4800.0,48,8
E03705,Floor,S047,32,2240.0,32,0
E03707,Floor,S047,16,1120.0,16,0
E03708,Floor,S047,8,560.0,8,0
E03709,Customer Service,S047,56,5440.0,48,8
E03710,Cashier,S047,40,3000.0,40,0
E03711,Cashier,S047,24,1800.0,24,0
E03713,Cashier,S047,8,600.0,8,0
E03714,Cashier,S047,8,600.0,8,0
E03715,Customer Service,S047,56,5440.0,48,8
E03716,Cashier,S047,8,600.0,8,0
E03717,Floor,S047,8,560.0,8,0
E03730,Supervisor,S047,8,960.0,8,0
E03737,Customer Service,S047,56,5440.0,48,8
E03738,Supervisor,S047,8,960.0,8,0
E03754,Customer Service,S047,40,3400.0,40,0
E03755,Customer Service,S047,8,680.0,8,0
E03761,Stock,S048,56,4160.0,48,8
E03762,Cashier,S048,56,4800.0,48,8
E03763,Floor,S048,56,4480.0,48,8
E03764,Stock,S048,56,4160.0,48,8
E03765,Customer Service,S048,56,5440.0,48,8
E03766,Cashier,S048,56,4800.0,48,8
E03767,Floor,S048,56,4480.0,48,8
E03768,Floor,S048,56,4480.0,48,8
E03769,Cashier,S048,56,4800.0,48,8
E03770,Cashier,S048,56,4800.0,48,8
E03771,Stock,S048,56,4160.0,48,8
E03772,Supervisor,S048,56,7680.0,48,8
E03773,Stock,S048,32,2080.0,32,0
E03774,Floor,S048,56,4480.0,48,8
E03775,Floor,S048,56,4480.0,48,8
E03776,Cashier,S048,56,4800.0,48,8
E03777,Floor,S048,48,3360.0,48,0
E03778,Cashier,S048,56,4800.0,48,8
E03779,Cashier,S048,48,3600.0,48,0
E03780,Floor,S048,24,1680.0,24,0
E03781,Stock,S048,8,520.0,8,0
E03782,Floor,S048,16,1120.0,16,0
E03783,Floor,S048,8,560.0,8,0
E03784,Cashier,S048,40,3000.0,40,0
E03785,Cashier,S048,16,1200.0,16,0
E03787,Cashier,S048,8,600.0,8,0
E03789,Cashier,S048,8,600.0,8,0
E03793,Cashier,S048,8,600.0,8,0
E03794,Supervisor,S048,56,7680.0,48,8
E03795,Supervisor,S048,8,960.0,8,0
E03802,Supervisor,S048,8,960.0,8,0
E03807,Customer Service,S048,56,5440.0,48,8
E03815,Customer Service,S048,56,5440.0,48,8
E03817,Customer Service,S048,56,5440.0,48,8
E03826,Customer Service,S048,40,3400.0,40,0
E03835,Customer Service,S048,8,680.0,8,0
E03841,Floor,S049,56,4480.0,48,8
E03842,Cashier,S049,56,4800.0,48,8
E03843,Floor,S049,56,4480.0,48,8
E03844,Floor,S049,56,4480.0,48,8
E03845,Stock,S049,56,4160.0,48,8
E03846,Stock,S049,56,4160.0,48,8
E03847,Cashier,S049,56,4800.0,48,8
E03848,Stock,S049,56,4160.0,48,8
E03849,Stock,S049,32,2080.0,32,0
E03850,Stock,S049,8,520.0,8,0
E03851,Stock,S049,8,520.0,8,0
E03853,Floor,S049,56,4480.0,48,8
E03855,Floor,S049,56,4480.0,48,8
E03856,Floor,S049,40,2800.0,40,0
E03857,Cashier,S049,56,4800.0,48,8
E03858,Cashier,S049,56,4800.0,48,8
E03859,Floor,S049,24,1680.0,24,0
E03860,Floor,S049,16,1120.0,16,0
E03861,Cashier,S049,56,4800.0,48,8
E03862,Cashier,S049,56,4800.0,48,8
E03864,Customer Service,S049,56,5440.0,48,8
E03865,Floor,S049,8,560.0,8,0
E03868,Cashier,S049,56,4800.0,48,8
E03870,Cashier,S049,40,3000.0,40,0
E03872,Cashier,S049,24,1800.0,24,0
E03873,Floor,S049,8,560.0,8,0
E03874,Customer Service,S049,56,5440.0,48,8
E03876,Cashier,S049,8,600.0,8,0
E03877,Cashier,S049,8,600.0,8,0
E03878,Cashier,S049,8,600.0,8,0
E03879,Supervisor,S049,56,7680.0,48,8
E03880,Supervisor,S049,56,7680.0,48,8
E03883,Supervisor,S049,8,960.0,8,0
E03888,Customer Service,S049,56,5440.0,48,8
E03898,Supervisor,S049,8,960.0,8,0
E03920,Customer Service,S049,56,5440.0,48,8
E03921,Cashier,S050,56,4800.0,48,8
E03922,Supervisor,S050,56,7680.0,48,8
E03923,Stock,S050,56,4160.0,48,8
E03924,Stock,S050,56,4160.0,48,8
E03925,Cashier,S050,56,4800.0,48,8
E03926,Cashier,S050,56,4800.0,48,8
E03927,Customer Service,S050,56,5440.0,48,8
E03928,Floor,S050,56,4480.0,48,8
E03929,Supervisor,S050,56,7680.0,48,8
E03930,Floor,S050,56,4480.0,48,8
E03931,Customer Service,S050,56,5440.0,48,8
E03932,Customer Service,S050,56,5440.0,48,8
E03933,Floor,S050,56,4480.0,48,8
E03934,Supervisor,S050,48,5760.0,48,0
E03935,Floor,S050,56,4480.0,48,8
E03936,Customer Service,S050,56,5440.0,48,8
E03937,Stock,S050,56,4160.0,48,8
E03938,Floor,S050,56,4480.0,48,8
E03939,Stock,S050,56,4160.0,48,8
E03940,Floor,S050,56,4480.0,48,8
E03941,Floor,S050,56,4480.0,48,8
E03942,Floor,S050,40,2800.0,40,0
E03943,Stock,S050,40,2600.0,40,0
E03944,Cashier,S050,56,4800.0,48,8
E03945,Stock,S050,24,1560.0,24,0
E03946,Customer Service,S050,56,5440.0,48,8
E03947,Floor,S050,24,1680.0,24,0
E03948,Cashier,S050,56,4800.0,48,8
E03949,Cashier,S050,56,4800.0,48,8
E03950,Floor,S050,24,1680.0,24,0
E03951,Cashier,S050,56,4800.0,48,8
E03952,Supervisor,S050,24,2880.0,24,0
E03953,Cashier,S050,56,4800.0,48,8
E03954,Customer Service,S050,32,2720.0,32,0
E03955,Customer Service,S050,24,2040.0,24,0
E03956,Floor,S050,8,560.0,8,0
E03957,Stock,S050,8,520.0,8,0
E03958,Cashier,S050,56,4800.0,48,8
E03959,Stock,S050,8,520.0,8,0
E03960,Cashier,S050,40,3000.0,40,0
E03961,Customer Service,S050,8,680.0,8,0
E03962,Cashier,S050,32,2400.0,32,0
E03963,Cashier,S050,24,1800.0,24,0
E03964,Cashier,S050,16,1200.0,16,0
E03965,Cashier,S050,8,600.0,8,0
E03966,Cashier,S050,8,600.0,8,0
E03967,Floor,S050,8,560.0,8,0
E03968,Cashier,S050,8,600.0,8,0
E03971,Floor,S050,8,560.0,8,0
E03983,Customer Service,S050,8,680.0,8,0
